image1,image2
image11.png,image75.png
image120.png,image51.png
image113.png,image48.png
image114.png,image16.png
image32.png,image60.png
image50.png,image74.png
image10.png,image66.png
image60.png,image82.png
image140.png,image73.png
image32.png,image93.png
image144.png,image46.png
image112.png,image84.png
image136.png,image137.png
image66.png,image97.png
image104.png,image4.png
image101.png,image112.png
image106.png,image81.png
image148.png,image51.png
image18.png,image90.png
image23.png,image28.png
image145.png,image46.png
image120.png,image30.png
image138.png,image42.png
image50.png,image53.png
image10.png,image45.png
image43.png,image5.png
image60.png,image61.png
image21.png,image96.png
image150.png,image60.png
image114.png,image28.png
image107.png,image24.png
image125.png,image14.png
image80.png,image83.png
image90.png,image91.png
image47.png,image55.png
image52.png,image94.png
image143.png,image9.png
image45.png,image90.png
image63.png,image70.png
image112.png,image96.png
image123.png,image72.png
image77.png,image85.png
image126.png,image77.png
image127.png,image45.png
image57.png,image68.png
image42.png,image60.png
image146.png,image99.png
image110.png,image34.png
image29.png,image79.png
image139.png,image95.png
image107.png,image139.png
image119.png,image78.png
image43.png,image61.png
image22.png,image76.png
image16.png,image40.png
image80.png,image95.png
image55.png,image78.png
image106.png,image4.png
image66.png,image88.png
image35.png,image94.png
image134.png,image28.png
image108.png,image139.png
image101.png,image103.png
image125.png,image93.png
image136.png,image7.png
image110.png,image149.png
image12.png,image53.png
image59.png,image89.png
image138.png,image33.png
image113.png,image18.png
image4.png,image68.png
image131.png,image133.png
image105.png,image109.png
image104.png,image112.png
image15.png,image83.png
image150.png,image51.png
image51.png,image84.png
image7.png,image98.png
image107.png,image150.png
image19.png,image24.png
image135.png,image139.png
image66.png,image67.png
image134.png,image142.png
image100.png,image114.png
image105.png,image83.png
image148.png,image21.png
image123.png,image63.png
image3.png,image33.png
image96.png,image97.png
image109.png,image56.png
image128.png,image14.png
image20.png,image99.png
image39.png,image79.png
image10.png,image150.png
image13.png,image46.png
image48.png,image90.png
image102.png,image53.png
image21.png,image66.png
image22.png,image34.png
image108.png,image92.png
image15.png,image62.png
image32.png,image42.png
image107.png,image13.png
image124.png,image141.png
image43.png,image52.png
image140.png,image55.png
image44.png,image92.png
image106.png,image30.png
image123.png,image42.png
image1.png,image27.png
image116.png,image39.png
image134.png,image19.png
image109.png,image35.png
image11.png,image139.png
image20.png,image78.png
image100.png,image126.png
image125.png,image84.png
image49.png,image66.png
image10.png,image13.png
image59.png,image8.png
image61.png,image84.png
image10.png,image27.png
image121.png,image86.png
image22.png,image46.png
image15.png,image74.png
image107.png,image141.png
image137.png,image139.png
image105.png,image41.png
image24.png,image88.png
image123.png,image21.png
image17.png,image84.png
image34.png,image96.png
image127.png,image13.png
image137.png,image36.png
image100.png,image105.png
image38.png,image69.png
image1.png,image39.png
image39.png,image7.png
image138.png,image139.png
image136.png,image72.png
image129.png,image69.png
image14.png,image45.png
image103.png,image114.png
image107.png,image120.png
image119.png,image6.png
image25.png,image3.png
image124.png,image132.png
image23.png,image99.png
image122.png,image32.png
image123.png,image136.png
image133.png,image42.png
image35.png,image43.png
image16.png,image22.png
image45.png,image51.png
image149.png,image9.png
image124.png,image74.png
image142.png,image54.png
image85.png,image90.png
image66.png,image7.png
image134.png,image145.png
image11.png,image13.png
image28.png,image72.png
image47.png,image93.png
image102.png,image126.png
image12.png,image138.png
image107.png,image95.png
image37.png,image84.png
image129.png,image48.png
image104.png,image9.png
image147.png,image28.png
image120.png,image139.png
image113.png,image135.png
image101.png,image27.png
image86.png,image90.png
image119.png,image39.png
image30.png,image81.png
image48.png,image93.png
image40.png,image9.png
image14.png,image57.png
image103.png,image126.png
image41.png,image58.png
image150.png,image33.png
image51.png,image66.png
image81.png,image97.png
image62.png,image76.png
image10.png,image95.png
image24.png,image79.png
image123.png,image148.png
image27.png,image83.png
image64.png,image84.png
image18.png,image42.png
image11.png,image141.png
image139.png,image35.png
image82.png,image97.png
image58.png,image81.png
image113.png,image114.png
image68.png,image9.png
image3.png,image92.png
image48.png,image72.png
image134.png,image99.png
image103.png,image105.png
image59.png,image82.png
image133.png,image136.png
image143.png,image144.png
image30.png,image93.png
image110.png,image84.png
image116.png,image123.png
image144.png,image145.png
image114.png,image57.png
image149.png,image80.png
image141.png,image77.png
image142.png,image45.png
image116.png,image20.png
image16.png,image90.png
image107.png,image86.png
image26.png,image99.png
image68.png,image69.png
image118.png,image62.png
image136.png,image42.png
image13.png,image142.png
image116.png,image98.png
image134.png,image78.png
image108.png,image53.png
image15.png,image23.png
image113.png,image126.png
image112.png,image13.png
image48.png,image84.png
image23.png,image69.png
image122.png,image138.png
image41.png,image49.png
image27.png,image41.png
image138.png,image83.png
image112.png,image27.png
image10.png,image86.png
image141.png,image56.png
image43.png,image90.png
image123.png,image139.png
image140.png,image93.png
image126.png,image143.png
image20.png,image39.png
image124.png,image77.png
image125.png,image45.png
image85.png,image93.png
image136.png,image21.png
image47.png,image96.png
image75.png,image84.png
image108.png,image32.png
image137.png,image95.png
image121.png,image47.png
image117.png,image78.png
image134.png,image9.png
image127.png,image86.png
image132.png,image23.png
image60.png,image81.png
image110.png,image75.png
image115.png,image146.png
image109.png,image110.png
image120.png,image83.png
image114.png,image48.png
image32.png,image92.png
image125.png,image24.png
image141.png,image68.png
image142.png,image36.png
image71.png,image90.png
image11.png,image111.png
image137.png,image74.png
image132.png,image138.png
image145.png,image45.png
image100.png,image40.png
image24.png,image28.png
image17.png,image24.png
image102.png,image82.png
image34.png,image36.png
image141.png,image47.png
image60.png,image93.png
image22.png,image96.png
image64.png,image66.png
image143.png,image89.png
image33.png,image72.png
image136.png,image148.png
image18.png,image24.png
image3.png,image41.png
image139.png,image17.png
image144.png,image9.png
image108.png,image23.png
image19.png,image98.png
image2.png,image66.png
image148.png,image62.png
image1.png,image89.png
image13.png,image145.png
image102.png,image61.png
image128.png,image45.png
image88.png,image93.png
image138.png,image53.png
image113.png,image38.png
image42.png,image92.png
image24.png,image4.png
image110.png,image66.png
image53.png,image69.png
image102.png,image94.png
image14.png,image95.png
image115.png,image137.png
image147.png,image99.png
image113.png,image70.png
image33.png,image51.png
image107.png,image35.png
image124.png,image47.png
image43.png,image93.png
image80.png,image94.png
image36.png,image56.png
image135.png,image23.png
image103.png,image61.png
image104.png,image3.png
image16.png,image72.png
image108.png,image138.png
image19.png,image77.png
image2.png,image45.png
image148.png,image41.png
image77.png,image96.png
image126.png,image88.png
image145.png,image36.png
image10.png,image35.png
image42.png,image71.png
image115.png,image116.png
image114.png,image18.png
image7.png,image97.png
image124.png,image26.png
image10.png,image68.png
image125.png,image13.png
image106.png,image109.png
image1.png,image105.png
image53.png,image80.png
image135.png,image138.png
image103.png,image40.png
image109.png,image113.png
image150.png,image83.png
image107.png,image47.png
image125.png,image27.png
image118.png,image23.png
image105.png,image82.png
image136.png,image139.png
image66.png,image99.png
image123.png,image62.png
image139.png,image143.png
image20.png,image98.png
image39.png,image78.png
image101.png,image114.png
image106.png,image83.png
image40.png,image41.png
image127.png,image68.png
image29.png,image69.png
image130.png,image40.png
image124.png,image140.png
image42.png,image83.png
image70.png,image71.png
image14.png,image86.png
image21.png,image98.png
image22.png,image66.png
image15.png,image94.png
image111.png,image97.png
image80.png,image85.png
image135.png,image15.png
image90.png,image93.png
image122.png,image73.png
image46.png,image60.png
image112.png,image98.png
image100.png,image125.png
image105.png,image94.png
image142.png,image95.png
image123.png,image74.png
image1.png,image59.png
image3.png,image44.png
image18.png,image71.png
image109.png,image67.png
image101.png,image126.png
image138.png,image23.png
image4.png,image58.png
image13.png,image57.png
image110.png,image36.png
image121.png,image85.png
image21.png,image77.png
image32.png,image53.png
image107.png,image140.png
image8.png,image96.png
image13.png,image9.png
image52.png,image75.png
image16.png,image42.png
image33.png,image54.png
image100.png,image104.png
image19.png,image47.png
image55.png,image8.png
image106.png,image41.png
image122.png,image85.png
image66.png,image9.png
image121.png,image122.png
image126.png,image58.png
image28.png,image92.png
image128.png,image13.png
image46.png,image72.png
image101.png,image105.png
image125.png,image95.png
image18.png,image83.png
image110.png,image150.png
image102.png,image43.png
image138.png,image35.png
image4.png,image7.png
image61.png,image95.png
image124.png,image131.png
image141.png,image143.png
image41.png,image78.png
image104.png,image114.png
image150.png,image53.png
image16.png,image21.png
image107.png,image17.png
image119.png,image91.png
image62.png,image96.png
image19.png,image26.png
image123.png,image32.png
image35.png,image75.png
image134.png,image144.png
image126.png,image37.png
image45.png,image83.png
image38.png,image8.png
image2.png,image27.png
image148.png,image23.png
image96.png,image99.png
image127.png,image38.png
image120.png,image138.png
image113.png,image134.png
image86.png,image9.png
image42.png,image53.png
image48.png,image92.png
image40.png,image89.png
image103.png,image125.png
image108.png,image94.png
image114.png,image135.png
image32.png,image44.png
image143.png,image29.png
image7.png,image79.png
image107.png,image131.png
image9.png,image95.png
image24.png,image78.png
image104.png,image126.png
image27.png,image82.png
image143.png,image61.png
image137.png,image26.png
image115.png,image72.png
image134.png,image20.png
image11.png,image140.png
image82.png,image96.png
image20.png,image8.png
image135.png,image94.png
image136.png,image62.png
image139.png,image67.png
image14.png,image35.png
image59.png,image81.png
image15.png,image43.png
image69.png,image9.png
image119.png,image5.png
image61.png,image86.png
image30.png,image92.png
image13.png,image6.png
image104.png,image105.png
image132.png,image64.png
image150.png,image44.png
image44.png,image73.png
image123.png,image23.png
image115.png,image51.png
image34.png,image98.png
image134.png,image135.png
image28.png,image62.png
image107.png,image85.png
image38.png,image70.png
image124.png,image97.png
image148.png,image15.png
image109.png,image49.png
image59.png,image60.png
image113.png,image125.png
image136.png,image74.png
image10.png,image143.png
image48.png,image83.png
image108.png,image85.png
image114.png,image126.png
image100.png,image81.png
image119.png,image61.png
image25.png,image31.png
image111.png,image58.png
image72.png,image74.png
image122.png,image34.png
image123.png,image138.png
image24.png,image69.png
image34.png,image77.png
image51.png,image89.png
image52.png,image57.png
image28.png,image41.png
image44.png,image85.png
image45.png,image53.png
image126.png,image142.png
image137.png,image17.png
image124.png,image76.png
image141.png,image88.png
image142.png,image56.png
image85.png,image92.png
image1.png,image2.png
image135.png,image52.png
image109.png,image28.png
image28.png,image74.png
image102.png,image128.png
image12.png,image14.png
image75.png,image83.png
image125.png,image77.png
image15.png,image34.png
image111.png,image37.png
image30.png,image83.png
image23.png,image8.png
image110.png,image74.png
image103.png,image128.png
image128.png,image86.png
image34.png,image56.png
image133.png,image23.png
image101.png,image61.png
image81.png,image99.png
image138.png,image94.png
image149.png,image70.png
image123.png,image15.png
image116.png,image146.png
image35.png,image57.png
image38.png,image61.png
image11.png,image143.png
image65.png,image87.png
image58.png,image83.png
image68.png,image91.png
image74.png,image99.png
image10.png,image134.png
image140.png,image141.png
image132.png,image34.png
image133.png,image138.png
image101.png,image40.png
image105.png,image149.png
image60.png,image92.png
image115.png,image21.png
image35.png,image36.png
image28.png,image32.png
image141.png,image79.png
image136.png,image147.png
image103.png,image81.png
image144.png,image89.png
image19.png,image97.png
image129.png,image40.png
image13.png,image144.png
image3.png,image73.png
image139.png,image49.png
image21.png,image29.png
image88.png,image92.png
image145.png,image56.png
image61.png,image68.png
image5.png,image95.png
image24.png,image39.png
image40.png,image82.png
image115.png,image136.png
image70.png,image8.png
image145.png,image89.png
image89.png,image93.png
image149.png,image61.png
image124.png,image46.png
image10.png,image88.png
image43.png,image92.png
image105.png,image25.png
image123.png,image140.png
image1.png,image125.png
image135.png,image22.png
image116.png,image137.png
image71.png,image80.png
image28.png,image44.png
image126.png,image145.png
image114.png,image70.png
image124.png,image79.png
image19.png,image76.png
image136.png,image23.png
image47.png,image98.png
image108.png,image34.png
image137.png,image97.png
image100.png,image30.png
image148.png,image73.png
image67.png,image86.png
image134.png,image91.png
image138.png,image64.png
image130.png,image60.png
image10.png,image67.png
image43.png,image71.png
image141.png,image37.png
image1.png,image104.png
image115.png,image148.png
image70.png,image91.png
image107.png,image46.png
image136.png,image138.png
image104.png,image40.png
image139.png,image142.png
image16.png,image83.png
image102.png,image11.png
image108.png,image149.png
image137.png,image76.png
image106.png,image82.png
image10.png,image104.png
image13.png,image135.png
image117.png,image59.png
image23.png,image29.png
image134.png,image70.png
image14.png,image143.png
image127.png,image67.png
image15.png,image16.png
image6.png,image94.png
image24.png,image3.png
image11.png,image88.png
image110.png,image56.png
image17.png,image26.png
image102.png,image84.png
image128.png,image68.png
image23.png,image61.png
image120.png,image64.png
image21.png,image97.png
image44.png,image46.png
image32.png,image73.png
image149.png,image52.png
image135.png,image149.png
image90.png,image92.png
image104.png,image2.png
image22.png,image98.png
image16.png,image62.png
image143.png,image90.png
image112.png,image97.png
image136.png,image15.png
image91.png,image93.png
image146.png,image22.png
image77.png,image86.png
image144.png,image91.png
image101.png,image125.png
image57.png,image69.png
image106.png,image94.png
image6.png,image73.png
image110.png,image35.png
image12.png,image75.png
image124.png,image16.png
image42.png,image94.png
image103.png,image30.png
image22.png,image77.png
image32.png,image85.png
image124.png,image49.png
image142.png,image29.png
image66.png,image89.png
image35.png,image95.png
image16.png,image74.png
image108.png,image14.png
image19.png,image79.png
image101.png,image104.png
image111.png,image112.png
image77.png,image98.png
image126.png,image9.png
image127.png,image58.png
image138.png,image34.png
image57.png,image80.png
image67.png,image89.png
image141.png,image142.png
image29.png,image91.png
image15.png,image84.png
image113.png,image51.png
image150.png,image52.png
image7.png,image99.png
image119.png,image90.png
image124.png,image28.png
image142.png,image143.png
image135.png,image14.png
image140.png,image77.png
image108.png,image119.png
image137.png,image46.png
image105.png,image84.png
image148.png,image22.png
image139.png,image145.png
image63.png,image95.png
image39.png,image8.png
image138.png,image149.png
image67.png,image68.png
image109.png,image9.png
image128.png,image38.png
image108.png,image93.png
image113.png,image30.png
image114.png,image134.png
image7.png,image78.png
image42.png,image85.png
image43.png,image53.png
image141.png,image19.png
image97.png,image98.png
image53.png,image61.png
image9.png,image94.png
image140.png,image56.png
image104.png,image125.png
image15.png,image96.png
image107.png,image28.png
image144.png,image29.png
image125.png,image143.png
image111.png,image99.png
image135.png,image16.png
image36.png,image49.png
image90.png,image95.png
image66.png,image8.png
image83.png,image91.png
image45.png,image94.png
image46.png,image62.png
image144.png,image61.png
image100.png,image127.png
image148.png,image34.png
image116.png,image72.png
image134.png,image52.png
image11.png,image37.png
image145.png,image29.png
image57.png,image71.png
image136.png,image94.png
image13.png,image59.png
image121.png,image87.png
image110.png,image38.png
image132.png,image63.png
image124.png,image19.png
image8.png,image98.png
image24.png,image89.png
image140.png,image68.png
image133.png,image64.png
image34.png,image97.png
image45.png,image73.png
image38.png,image7.png
image100.png,image106.png
image66.png,image91.png
image116.png,image51.png
image46.png,image74.png
image138.png,image14.png
image111.png,image115.png
image10.png,image142.png
image14.png,image46.png
image15.png,image54.png
image114.png,image125.png
image131.png,image137.png
image62.png,image65.png
image124.png,image133.png
image141.png,image145.png
image140.png,image47.png
image34.png,image76.png
image51.png,image88.png
image16.png,image23.png
image101.png,image81.png
image33.png,image35.png
image62.png,image98.png
image26.png,image31.png
image137.png,image16.png
image112.png,image58.png
image123.png,image34.png
image66.png,image70.png
image115.png,image62.png
image45.png,image85.png
image20.png,image7.png
image137.png,image49.png
image56.png,image61.png
image142.png,image88.png
image148.png,image25.png
image118.png,image72.png
image1.png,image51.png
image136.png,image52.png
image59.png,image71.png
image86.png,image91.png
image30.png,image82.png
image13.png,image5.png
image139.png,image9.png
image103.png,image127.png
image51.png,image67.png
image32.png,image46.png
image107.png,image133.png
image143.png,image30.png
image112.png,image37.png
image105.png,image33.png
image24.png,image8.png
image115.png,image41.png
image16.png,image35.png
image27.png,image84.png
image28.png,image52.png
image137.png,image28.png
image105.png,image66.png
image123.png,image46.png
image1.png,image30.png
image134.png,image22.png
image11.png,image142.png
image28.png,image85.png
image82.png,image98.png
image58.png,image82.png
image125.png,image88.png
image68.png,image90.png
image135.png,image96.png
image129.png,image60.png
image13.png,image29.png
image146.png,image72.png
image103.png,image106.png
image69.png,image91.png
image143.png,image145.png
image119.png,image51.png
image13.png,image61.png
image30.png,image94.png
image24.png,image59.png
image41.png,image70.png
image133.png,image34.png
image141.png,image78.png
image106.png,image149.png
image17.png,image88.png
image116.png,image21.png
image12.png,image13.png
image124.png,image99.png
image135.png,image75.png
image104.png,image81.png
image146.png,image51.png
image139.png,image48.png
image21.png,image28.png
image61.png,image67.png
image119.png,image30.png
image10.png,image145.png
image42.png,image46.png
image48.png,image85.png
image121.png,image69.png
image23.png,image7.png
image40.png,image81.png
image22.png,image29.png
image145.png,image88.png
image89.png,image92.png
image100.png,image83.png
image138.png,image84.png
image143.png,image21.png
image7.png,image71.png
image25.png,image33.png
image15.png,image57.png
image107.png,image124.png
image149.png,image60.png
image72.png,image76.png
image24.png,image70.png
image17.png,image67.png
image116.png,image136.png
image71.png,image8.png
image126.png,image144.png
image137.png,image19.png
image106.png,image25.png
image47.png,image97.png
image12.png,image141.png
image13.png,image2.png
image134.png,image90.png
image101.png,image30.png
image61.png,image79.png
image115.png,image147.png
image70.png,image90.png
image120.png,image84.png
image113.png,image80.png
image130.png,image92.png
image141.png,image69.png
image123.png,image16.png
image116.png,image148.png
image71.png,image91.png
image11.png,image112.png
image125.png,image58.png
image135.png,image66.png
image136.png,image34.png
image13.png,image134.png
image110.png,image113.png
image14.png,image142.png
image132.png,image139.png
image68.png,image93.png
image2.png,image88.png
image23.png,image60.png
image140.png,image143.png
image102.png,image83.png
image128.png,image67.png
image149.png,image51.png
image141.png,image48.png
image105.png,image150.png
image115.png,image23.png
image35.png,image38.png
image22.png,image97.png
image28.png,image34.png
image126.png,image135.png
image125.png,image37.png
image135.png,image45.png
image91.png,image92.png
image103.png,image83.png
image146.png,image21.png
image139.png,image18.png
image16.png,image94.png
image144.png,image90.png
image108.png,image24.png
image19.png,image99.png
image2.png,image67.png
image1.png,image9.png
image48.png,image55.png
image147.png,image22.png
image100.png,image53.png
image148.png,image96.png
image42.png,image93.png
image23.png,image72.png
image60.png,image73.png
image110.png,image67.png
image102.png,image95.png
image34.png,image49.png
image113.png,image71.png
image10.png,image9.png
image43.png,image94.png
image1.png,image127.png
image71.png,image82.png
image104.png,image30.png
image109.png,image135.png
image107.png,image69.png
image19.png,image78.png
image37.png,image58.png
image77.png,image97.png
image126.png,image89.png
image137.png,image99.png
image67.png,image88.png
image48.png,image67.png
image128.png,image58.png
image29.png,image90.png
image138.png,image66.png
image10.png,image69.png
image141.png,image39.png
image60.png,image85.png
image1.png,image106.png
image115.png,image15.png
image109.png,image114.png
image113.png,image83.png
image150.png,image84.png
image20.png,image21.png
image114.png,image51.png
image131.png,image63.png
image47.png,image79.png
image146.png,image148.png
image139.png,image144.png
image102.png,image111.png
image108.png,image150.png
image63.png,image94.png
image106.png,image84.png
image123.png,image96.png
image14.png,image145.png
image127.png,image69.png
image132.png,image141.png
image4.png,image8.png
image138.png,image45.png
image57.png,image91.png
image42.png,image84.png
image53.png,image60.png
image120.png,image66.png
image21.png,image99.png
image15.png,image95.png
image81.png,image82.png
image114.png,image30.png
image131.png,image42.png
image125.png,image142.png
image111.png,image98.png
image80.png,image86.png
image135.png,image150.png
image90.png,image94.png
image140.png,image88.png
image83.png,image90.png
image47.png,image58.png
image103.png,image53.png
image108.png,image13.png
image112.png,image99.png
image118.png,image36.png
image2.png,image37.png
image105.png,image95.png
image136.png,image16.png
image91.png,image95.png
image3.png,image45.png
image84.png,image91.png
image77.png,image88.png
image101.png,image127.png
image119.png,image139.png
image57.png,image70.png
image117.png,image72.png
image23.png,image42.png
image149.png,image33.png
image43.png,image64.png
image8.png,image97.png
image13.png,image90.png
image70.png,image84.png
image133.png,image63.png
image150.png,image75.png
image16.png,image43.png
image107.png,image39.png
image122.png,image86.png
image66.png,image90.png
image104.png,image33.png
image16.png,image76.png
image28.png,image93.png
image46.png,image73.png
image108.png,image141.png
image101.png,image106.png
image49.png,image78.png
image1.png,image71.png
image18.png,image84.png
image126.png,image91.png
image127.png,image6.png
image130.png,image32.png
image131.png,image136.png
image112.png,image115.png
image141.png,image144.png
image105.png,image111.png
image110.png,image49.png
image113.png,image53.png
image107.png,image18.png
image62.png,image97.png
image142.png,image145.png
image36.png,image39.png
image140.png,image79.png
image45.png,image84.png
image108.png,image120.png
image123.png,image66.png
image116.png,image62.png
image77.png,image79.png
image46.png,image85.png
image100.png,image15.png
image138.png,image150.png
image56.png,image93.png
image57.png,image61.png
image111.png,image126.png
image23.png,image33.png
image110.png,image28.png
image108.png,image95.png
image130.png,image44.png
image7.png,image8.png
image32.png,image45.png
image107.png,image132.png
image141.png,image20.png
image14.png,image9.png
image15.png,image98.png
image16.png,image34.png
image33.png,image46.png
image144.png,image30.png
image125.png,image145.png
image19.png,image39.png
image73.png,image85.png
image106.png,image33.png
image66.png,image81.png
image115.png,image73.png
image116.png,image41.png
image35.png,image88.png
image134.png,image21.png
image109.png,image38.png
image108.png,image132.png
image38.png,image92.png
image56.png,image72.png
image106.png,image66.png
image148.png,image36.png
image135.png,image95.png
image109.png,image70.png
image145.png,image30.png
image69.png,image90.png
image136.png,image96.png
image129.png,image92.png
image13.png,image60.png
image147.png,image72.png
image140.png,image37.png
image104.png,image106.png
image119.png,image83.png
image124.png,image20.png
image72.png,image96.png
image34.png,image99.png
image16.png,image46.png
image126.png,image29.png
image45.png,image75.png
image124.png,image98.png
image19.png,image50.png
image105.png,image77.png
image28.png,image96.png
image102.png,image15.png
image46.png,image76.png
image10.png,image144.png
image147.png,image51.png
image22.png,image28.png
image108.png,image86.png
image100.png,image82.png
image7.png,image70.png
image107.png,image123.png
image131.png,image139.png
image124.png,image135.png
image111.png,image59.png
image24.png,image7.png
image103.png,image15.png
image34.png,image78.png
image51.png,image9.png
image101.png,image83.png
image44.png,image86.png
image144.png,image21.png
image137.png,image18.png
image55.png,image62.png
image36.png,image41.png
image141.png,image89.png
image126.png,image40.png
image28.png,image75.png
image12.png,image140.png
image100.png,image12.png
image142.png,image9.png
image146.png,image62.png
image113.png,image138.png
image15.png,image35.png
image100.png,image61.png
image86.png,image93.png
image30.png,image84.png
image139.png,image91.png
image14.png,image6.png
image100.png,image94.png
image138.png,image95.png
image32.png,image48.png
image7.png,image82.png
image122.png,image47.png
image24.png,image81.png
image17.png,image78.png
image116.png,image147.png
image126.png,image2.png
image144.png,image33.png
image114.png,image80.png
image20.png,image50.png
image45.png,image66.png
image146.png,image41.png
image11.png,image144.png
image58.png,image84.png
image125.png,image9.png
image68.png,image92.png
image135.png,image98.png
image10.png,image135.png
image146.png,image74.png
image140.png,image142.png
image21.png,image50.png
image133.png,image139.png
image69.png,image93.png
image24.png,image60.png
image41.png,image72.png
image115.png,image22.png
image104.png,image109.png
image51.png,image80.png
image126.png,image134.png
image149.png,image83.png
image19.png,image20.png
image106.png,image150.png
image116.png,image23.png
image103.png,image82.png
image134.png,image139.png
image102.png,image12.png
image104.png,image83.png
image147.png,image21.png
image29.png,image33.png
image15.png,image26.png
image61.png,image69.png
image13.png,image42.png
image40.png,image83.png
image103.png,image12.png
image140.png,image19.png
image34.png,image48.png
image145.png,image9.png
image101.png,image53.png
image143.png,image23.png
image44.png,image56.png
image10.png,image89.png
image123.png,image141.png
image1.png,image126.png
image115.png,image34.png
image71.png,image81.png
image109.png,image134.png
image64.png,image78.png
image45.png,image57.png
image114.png,image71.png
image124.png,image8.png
image118.png,image44.png
image135.png,image56.png
image103.png,image94.png
image47.png,image99.png
image12.png,image143.png
image75.png,image87.png
image108.png,image35.png
image137.png,image98.png
image148.png,image74.png
image10.png,image126.png
image13.png,image21.png
image139.png,image61.png
image61.png,image80.png
image111.png,image40.png
image17.png,image48.png
image44.png,image68.png
image135.png,image35.png
image116.png,image15.png
image117.png,image118.png
image109.png,image146.png
image146.png,image147.png
image47.png,image78.png
image104.png,image41.png
image114.png,image83.png
image16.png,image84.png
image136.png,image36.png
image10.png,image105.png
image18.png,image48.png
image129.png,image32.png
image147.png,image148.png
image110.png,image115.png
image14.png,image144.png
image58.png,image87.png
image132.png,image140.png
image108.png,image47.png
image100.png,image43.png
image2.png,image9.png
image57.png,image90.png
image111.png,image2.png
image48.png,image78.png
image23.png,image62.png
image24.png,image30.png
image11.png,image89.png
image140.png,image145.png
image6.png,image95.png
image128.png,image69.png
image133.png,image141.png
image113.png,image61.png
image149.png,image53.png
image123.png,image132.png
image110.png,image9.png
image115.png,image25.png
image22.png,image99.png
image28.png,image36.png
image113.png,image94.png
image20.png,image32.png
image143.png,image91.png
image38.png,image44.png
image118.png,image35.png
image91.png,image94.png
image84.png,image90.png
image146.png,image23.png
image16.png,image96.png
image119.png,image138.png
image106.png,image95.png
image129.png,image44.png
image48.png,image57.png
image10.png,image59.png
image42.png,image95.png
image23.png,image74.png
image53.png,image71.png
image70.png,image83.png
image44.png,image59.png
image130.png,image85.png
image32.png,image86.png
image107.png,image38.png
image10.png,image91.png
image135.png,image26.png
image71.png,image84.png
image108.png,image140.png
image19.png,image8.png
image77.png,image99.png
image126.png,image90.png
image127.png,image59.png
image108.png,image38.png
image67.png,image9.png
image105.png,image110.png
image17.png,image18.png
image128.png,image6.png
image12.png,image88.png
image113.png,image52.png
image149.png,image44.png
image43.png,image75.png
image142.png,image144.png
image106.png,image111.png
image53.png,image83.png
image140.png,image78.png
image103.png,image43.png
image109.png,image116.png
image114.png,image53.png
image16.png,image54.png
image107.png,image5.png
image135.png,image38.png
image146.png,image15.png
image102.png,image113.png
image108.png,image17.png
image137.png,image8.png
image56.png,image92.png
image148.png,image56.png
image123.png,image98.png
image111.png,image125.png
image67.png,image69.png
image13.png,image139.png
image117.png,image62.png
image23.png,image32.png
image3.png,image68.png
image11.png,image59.png
image120.png,image35.png
image101.png,image15.png
image57.png,image93.png
image112.png,image126.png
image42.png,image86.png
image97.png,image99.png
image13.png,image80.png
image60.png,image66.png
image15.png,image97.png
image32.png,image77.png
image125.png,image144.png
image143.png,image94.png
image45.png,image95.png
image108.png,image131.png
image26.png,image74.png
image100.png,image128.png
image2.png,image39.png
image123.png,image77.png
image116.png,image73.png
image126.png,image81.png
image127.png,image5.png
image46.png,image96.png
image100.png,image25.png
image57.png,image72.png
image67.png,image80.png
image136.png,image95.png
image23.png,image44.png
image102.png,image67.png
image120.png,image47.png
image4.png,image93.png
image113.png,image43.png
image15.png,image76.png
image131.png,image23.png
image149.png,image35.png
image8.png,image99.png
image140.png,image69.png
image33.png,image57.png
image137.png,image38.png
image106.png,image77.png
image111.png,image116.png
image127.png,image61.png
image57.png,image84.png
image131.png,image138.png
image5.png,image80.png
image124.png,image134.png
image10.png,image40.png
image105.png,image113.png
image13.png,image71.png
image140.png,image48.png
image32.png,image68.png
image33.png,image36.png
image101.png,image82.png
image62.png,image99.png
image125.png,image135.png
image25.png,image64.png
image112.png,image59.png
image135.png,image143.png
image66.png,image71.png
image16.png,image57.png
image45.png,image86.png
image46.png,image54.png
image56.png,image62.png
image37.png,image41.png
image142.png,image89.png
image3.png,image38.png
image115.png,image96.png
image102.png,image25.png
image12.png,image37.png
image138.png,image17.png
image101.png,image12.png
image5.png,image6.png
image86.png,image92.png
image10.png,image2.png
image147.png,image62.png
image121.png,image79.png
image102.png,image58.png
image14.png,image59.png
image139.png,image90.png
image150.png,image35.png
image114.png,image138.png
image7.png,image81.png
image124.png,image146.png
image62.png,image78.png
image43.png,image57.png
image14.png,image91.png
image103.png,image25.png
image101.png,image94.png
image122.png,image79.png
image123.png,image47.png
image66.png,image83.png
image83.png,image95.png
image35.png,image9.png
image134.png,image23.png
image28.png,image86.png
image127.png,image2.png
image82.png,image99.png
image38.png,image94.png
image56.png,image74.png
image125.png,image89.png
image31.png,image59.png
image135.png,image97.png
image117.png,image44.png
image109.png,image72.png
image146.png,image73.png
image147.png,image41.png
image102.png,image37.png
image76.png,image96.png
image113.png,image149.png
image15.png,image46.png
image69.png,image92.png
image136.png,image98.png
image30.png,image95.png
image147.png,image74.png
image140.png,image39.png
image22.png,image50.png
image114.png,image15.png
image7.png,image93.png
image125.png,image126.png
image111.png,image81.png
image72.png,image98.png
image24.png,image92.png
image123.png,image26.png
image17.png,image89.png
image116.png,image22.png
image134.png,image138.png
image52.png,image80.png
image126.png,image30.png
image100.png,image11.png
image117.png,image23.png
image109.png,image51.png
image104.png,image82.png
image28.png,image98.png
image134.png,image35.png
image102.png,image16.png
image138.png,image143.png
image79.png,image8.png
image18.png,image89.png
image42.png,image47.png
image48.png,image86.png
image14.png,image5.png
image100.png,image84.png
image32.png,image38.png
image143.png,image22.png
image119.png,image64.png
image124.png,image137.png
image24.png,image71.png
image103.png,image16.png
image51.png,image91.png
image144.png,image23.png
image38.png,image52.png
image105.png,image58.png
image116.png,image34.png
image35.png,image80.png
image134.png,image15.png
image28.png,image77.png
image12.png,image142.png
image38.png,image85.png
image142.png,image91.png
image10.png,image125.png
image104.png,image94.png
image110.png,image135.png
image139.png,image60.png
image14.png,image29.png
image29.png,image44.png
image113.png,image14.png
image79.png,image91.png
image129.png,image85.png
image13.png,image53.png
image14.png,image61.png
image41.png,image62.png
image150.png,image38.png
image130.png,image93.png
image112.png,image40.png
image105.png,image37.png
image52.png,image71.png
image28.png,image56.png
image27.png,image88.png
image45.png,image68.png
image110.png,image114.png
image108.png,image46.png
image125.png,image91.png
image2.png,image89.png
image140.png,image144.png
image103.png,image11.png
image133.png,image140.png
image150.png,image17.png
image101.png,image43.png
image112.png,image2.png
image123.png,image131.png
image41.png,image74.png
image104.png,image110.png
image28.png,image35.png
image114.png,image61.png
image137.png,image146.png
image124.png,image7.png
image85.png,image86.png
image116.png,image25.png
image18.png,image26.png
image103.png,image84.png
image28.png,image68.png
image114.png,image94.png
image16.png,image95.png
image46.png,image48.png
image107.png,image90.png
image68.png,image73.png
image147.png,image23.png
image139.png,image51.png
image14.png,image2.png
image59.png,image66.png
image15.png,image28.png
image148.png,image97.png
image111.png,image30.png
image30.png,image77.png
image23.png,image73.png
image140.png,image20.png
image132.png,image49.png
image145.png,image91.png
image51.png,image61.png
image120.png,image76.png
image10.png,image90.png
image43.png,image95.png
image141.png,image60.png
image1.png,image128.png
image17.png,image70.png
image71.png,image83.png
image142.png,image61.png
image136.png,image26.png
image146.png,image34.png
image68.png,image85.png
image148.png,image76.png
image13.png,image23.png
image30.png,image56.png
image134.png,image94.png
image128.png,image59.png
image138.png,image67.png
image23.png,image85.png
image60.png,image86.png
image106.png,image110.png
image109.png,image115.png
image27.png,image58.png
image113.png,image84.png
image114.png,image52.png
image20.png,image22.png
image131.png,image64.png
image107.png,image49.png
image125.png,image29.png
image141.png,image72.png
image1.png,image14.png
image71.png,image95.png
image109.png,image148.png
image47.png,image8.png
image64.png,image91.png
image127.png,image128.png
image102.png,image112.png
image20.png,image55.png
image2.png,image59.png
image136.png,image38.png
image10.png,image107.png
image123.png,image97.png
image13.png,image138.png
image146.png,image46.png
image147.png,image15.png
image139.png,image42.png
image21.png,image22.png
image108.png,image49.png
image57.png,image92.png
image112.png,image125.png
image27.png,image37.png
image81.png,image83.png
image98.png,image99.png
image123.png,image134.png
image53.png,image94.png
image17.png,image61.png
image140.png,image89.png
image126.png,image139.png
image28.png,image38.png
image64.png,image70.png
image107.png,image60.png
image38.png,image46.png
image124.png,image72.png
image26.png,image73.png
image125.png,image40.png
image19.png,image7.png
image136.png,image17.png
image123.png,image76.png
image146.png,image25.png
image77.png,image89.png
image16.png,image98.png
image144.png,image94.png
image108.png,image28.png
image101.png,image128.png
image37.png,image82.png
image128.png,image5.png
image145.png,image61.png
image4.png,image92.png
image101.png,image25.png
image141.png,image30.png
image13.png,image91.png
image110.png,image70.png
image53.png,image73.png
image120.png,image79.png
image113.png,image75.png
image114.png,image43.png
image125.png,image2.png
image135.png,image28.png
image122.png,image87.png
image102.png,image103.png
image137.png,image7.png
image148.png,image46.png
image3.png,image58.png
image109.png,image80.png
image126.png,image92.png
image132.png,image133.png
image57.png,image83.png
image112.png,image116.png
image105.png,image112.png
image128.png,image61.png
image32.png,image67.png
image131.png,image34.png
image125.png,image134.png
image141.png,image42.png
image106.png,image113.png
image135.png,image142.png
image53.png,image85.png
image104.png,image149.png
image107.png,image51.png
image36.png,image72.png
image37.png,image40.png
image146.png,image16.png
image46.png,image86.png
image57.png,image62.png
image3.png,image7.png
image116.png,image96.png
image23.png,image34.png
image88.png,image89.png
image138.png,image49.png
image57.png,image95.png
image10.png,image51.png
image60.png,image68.png
image78.png,image8.png
image110.png,image61.png
image14.png,image90.png
image15.png,image99.png
image150.png,image67.png
image32.png,image79.png
image124.png,image42.png
image142.png,image22.png
image73.png,image86.png
image135.png,image19.png
image54.png,image65.png
image66.png,image82.png
image83.png,image94.png
image115.png,image74.png
image104.png,image25.png
image35.png,image89.png
image47.png,image61.png
image108.png,image133.png
image38.png,image93.png
image63.png,image77.png
image123.png,image79.png
image84.png,image95.png
image126.png,image83.png
image128.png,image2.png
image46.png,image98.png
image5.png,image70.png
image136.png,image97.png
image129.png,image93.png
image147.png,image73.png
image114.png,image149.png
image7.png,image92.png
image119.png,image84.png
image124.png,image21.png
image43.png,image68.png
image13.png,image94.png
image72.png,image97.png
image112.png,image81.png
image148.png,image16.png
image66.png,image94.png
image129.png,image130.png
image121.png,image127.png
image28.png,image97.png
image137.png,image72.png
image138.png,image142.png
image101.png,image11.png
image4.png,image41.png
image136.png,image76.png
image18.png,image88.png
image109.png,image83.png
image139.png,image80.png
image124.png,image136.png
image42.png,image79.png
image51.png,image90.png
image16.png,image26.png
image101.png,image84.png
image143.png,image54.png
image144.png,image22.png
image26.png,image34.png
image135.png,image145.png
image122.png,image69.png
image134.png,image149.png
image28.png,image76.png
image45.png,image88.png
image108.png,image124.png
image56.png,image64.png
image105.png,image9.png
image106.png,image58.png
image148.png,image28.png
image123.png,image7.png
image3.png,image4.png
image142.png,image90.png
image18.png,image67.png
image109.png,image62.png
image110.png,image134.png
image102.png,image27.png
image29.png,image43.png
image145.png,image22.png
image113.png,image139.png
image79.png,image90.png
image13.png,image52.png
image146.png,image96.png
image14.png,image60.png
image21.png,image72.png
image15.png,image69.png
image114.png,image14.png
image100.png,image95.png
image143.png,image33.png
image107.png,image136.png
image124.png,image148.png
image13.png,image85.png
image24.png,image82.png
image103.png,image27.png
image52.png,image70.png
image45.png,image67.png
image106.png,image37.png
image123.png,image49.png
image109.png,image41.png
image11.png,image145.png
image46.png,image68.png
image125.png,image90.png
image135.png,image99.png
image1.png,image66.png
image110.png,image146.png
image21.png,image51.png
image76.png,image98.png
image113.png,image150.png
image15.png,image48.png
image10.png,image33.png
image147.png,image76.png
image143.png,image45.png
image111.png,image83.png
image149.png,image84.png
image19.png,image21.png
image123.png,image28.png
image17.png,image90.png
image115.png,image56.png
image35.png,image70.png
image134.png,image14.png
image45.png,image79.png
image107.png,image9.png
image38.png,image75.png
image100.png,image111.png
image137.png,image42.png
image135.png,image78.png
image136.png,image46.png
image1.png,image45.png
image109.png,image53.png
image104.png,image84.png
image20.png,image96.png
image76.png,image77.png
image113.png,image13.png
image138.png,image145.png
image69.png,image73.png
image4.png,image44.png
image42.png,image49.png
image13.png,image43.png
image139.png,image83.png
image40.png,image84.png
image108.png,image9.png
image145.png,image90.png
image51.png,image60.png
image150.png,image28.png
image119.png,image66.png
image124.png,image139.png
image8.png,image82.png
image112.png,image30.png
image72.png,image79.png
image105.png,image27.png
image9.png,image90.png
image133.png,image49.png
image52.png,image61.png
image28.png,image46.png
image16.png,image29.png
image137.png,image21.png
image141.png,image92.png
image103.png,image95.png
image134.png,image16.png
image12.png,image144.png
image39.png,image55.png
image125.png,image81.png
image118.png,image78.png
image135.png,image9.png
image13.png,image22.png
image121.png,image50.png
image147.png,image34.png
image29.png,image46.png
image108.png,image69.png
image15.png,image39.png
image69.png,image85.png
image111.png,image41.png
image30.png,image88.png
image41.png,image64.png
image44.png,image69.png
image143.png,image36.png
image149.png,image75.png
image24.png,image85.png
image122.png,image50.png
image123.png,image19.png
image35.png,image61.png
image109.png,image147.png
image71.png,image94.png
image64.png,image90.png
image27.png,image9.png
image114.png,image84.png
image107.png,image80.png
image100.png,image102.png
image118.png,image57.png
image10.png,image106.png
image110.png,image116.png
image10.png,image139.png
image48.png,image79.png
image147.png,image46.png
image14.png,image42.png
image103.png,image111.png
image108.png,image80.png
image44.png,image48.png
image23.png,image96.png
image123.png,image133.png
image34.png,image72.png
image35.png,image40.png
image126.png,image138.png
image113.png,image95.png
image107.png,image6.png
image137.png,image148.png
image16.png,image97.png
image107.png,image92.png
image37.png,image81.png
image136.png,image49.png
image147.png,image25.png
image139.png,image53.png
image14.png,image21.png
image21.png,image33.png
image108.png,image6.png
image148.png,image99.png
image120.png,image78.png
image138.png,image9.png
image130.png,image86.png
image105.png,image3.png
image142.png,image30.png
image1.png,image13.png
image35.png,image52.png
image47.png,image7.png
image109.png,image138.png
image114.png,image75.png
image38.png,image57.png
image136.png,image28.png
image104.png,image66.png
image146.png,image36.png
image108.png,image39.png
image30.png,image58.png
image134.png,image96.png
image14.png,image33.png
image12.png,image89.png
image106.png,image112.png
image24.png,image55.png
image123.png,image124.png
image53.png,image84.png
image20.png,image24.png
image124.png,image62.png
image125.png,image30.png
image102.png,image114.png
image108.png,image18.png
image26.png,image96.png
image10.png,image109.png
image123.png,image99.png
image13.png,image14.png
image30.png,image37.png
image147.png,image16.png
image121.png,image32.png
image134.png,image75.png
image138.png,image48.png
image57.png,image94.png
image78.png,image79.png
image34.png,image42.png
image70.png,image75.png
image138.png,image80.png
image142.png,image21.png
image47.png,image60.png
image28.png,image4.png
image143.png,image95.png
image136.png,image19.png
image84.png,image94.png
image116.png,image74.png
image139.png,image23.png
image126.png,image82.png
image46.png,image97.png
image141.png,image32.png
image24.png,image46.png
image110.png,image72.png
image17.png,image42.png
image1.png,image10.png
image32.png,image9.png
image142.png,image33.png
image36.png,image62.png
image102.png,image105.png
image2.png,image51.png
image119.png,image120.png
image134.png,image66.png
image11.png,image50.png
image126.png,image94.png
image12.png,image59.png
image4.png,image73.png
image74.png,image97.png
image149.png,image150.png
image105.png,image114.png
image110.png,image51.png
image14.png,image80.png
image120.png,image6.png
image32.png,image69.png
image149.png,image48.png
image124.png,image32.png
image1.png,image111.png
image135.png,image144.png
image83.png,image84.png
image104.png,image150.png
image150.png,image9.png
image107.png,image53.png
image144.png,image54.png
image108.png,image123.png
image137.png,image50.png
image2.png,image30.png
image36.png,image74.png
image115.png,image97.png
image121.png,image138.png
image134.png,image45.png
image109.png,image61.png
image145.png,image21.png
image138.png,image18.png
image106.png,image9.png
image74.png,image76.png
image145.png,image54.png
image120.png,image39.png
image113.png,image35.png
image114.png,image139.png
image130.png,image47.png
image124.png,image147.png
image105.png,image126.png
image60.png,image7.png
image147.png,image96.png
image70.png,image78.png
image140.png,image60.png
image22.png,image72.png
image101.png,image95.png
image107.png,image32.png
image25.png,image77.png
image135.png,image20.png
image66.png,image84.png
image104.png,image27.png
image115.png,image76.png
image137.png,image62.png
image38.png,image95.png
image18.png,image78.png
image77.png,image93.png
image127.png,image53.png
image145.png,image33.png
image76.png,image97.png
image113.png,image15.png
image31.png,image92.png
image67.png,image84.png
image10.png,image32.png
image42.png,image69.png
image136.png,image99.png
image6.png,image80.png
image14.png,image71.png
image22.png,image51.png
image114.png,image150.png
image150.png,image48.png
image124.png,image23.png
image111.png,image82.png
image72.png,image99.png
image24.png,image93.png
image140.png,image72.png
image150.png,image80.png
image144.png,image45.png
image112.png,image83.png
image66.png,image96.png
image116.png,image56.png
image109.png,image52.png
image28.png,image99.png
image127.png,image32.png
image138.png,image144.png
image101.png,image111.png
image111.png,image12.png
image117.png,image57.png
image11.png,image53.png
image21.png,image62.png
image113.png,image26.png
image114.png,image13.png
image131.png,image141.png
image149.png,image18.png
image124.png,image138.png
image42.png,image80.png
image8.png,image81.png
image72.png,image78.png
image53.png,image57.png
image15.png,image91.png
image16.png,image28.png
image143.png,image56.png
image33.png,image4.png
image107.png,image23.png
image125.png,image139.png
image137.png,image20.png
image19.png,image32.png
image106.png,image27.png
image134.png,image150.png
image28.png,image78.png
image45.png,image9.png
image38.png,image86.png
image117.png,image36.png
image104.png,image95.png
image42.png,image6.png
image129.png,image86.png
image6.png,image71.png
image146.png,image98.png
image139.png,image94.png
image140.png,image30.png
image21.png,image74.png
image15.png,image70.png
image107.png,image138.png
image124.png,image15.png
image8.png,image93.png
image112.png,image41.png
image115.png,image46.png
image35.png,image60.png
image27.png,image89.png
image45.png,image69.png
image144.png,image36.png
image100.png,image101.png
image101.png,image102.png
image125.png,image92.png
image49.png,image74.png
image10.png,image138.png
image13.png,image33.png
image110.png,image148.png
image102.png,image40.png
image29.png,image57.png
image59.png,image88.png
image113.png,image17.png
image150.png,image18.png
image131.png,image132.png
image140.png,image42.png
image104.png,image111.png
image51.png,image83.png
image137.png,image147.png
image35.png,image72.png
image28.png,image69.png
image114.png,image95.png
image45.png,image80.png
image38.png,image77.png
image100.png,image113.png
image107.png,image91.png
image146.png,image56.png
image15.png,image29.png
image61.png,image71.png
image119.png,image35.png
image148.png,image98.png
image13.png,image45.png
image121.png,image73.png
image14.png,image53.png
image22.png,image33.png
image108.png,image91.png
image62.png,image72.png
image115.png,image37.png
image17.png,image71.png
image35.png,image51.png
image28.png,image48.png
image137.png,image23.png
image106.png,image3.png
image109.png,image34.png
image11.png,image138.png
image20.png,image77.png
image125.png,image83.png
image68.png,image86.png
image135.png,image91.png
image147.png,image36.png
image48.png,image69.png
image139.png,image64.png
image134.png,image95.png
image29.png,image48.png
image110.png,image139.png
image15.png,image40.png
image100.png,image67.png
image107.png,image108.png
image61.png,image83.png
image119.png,image47.png
image23.png,image86.png
image110.png,image80.png
image115.png,image16.png
image34.png,image62.png
image137.png,image138.png
image105.png,image40.png
image141.png,image73.png
image123.png,image20.png
image17.png,image83.png
image115.png,image49.png
image109.png,image149.png
image38.png,image68.png
image118.png,image59.png
image135.png,image70.png
image10.png,image108.png
image104.png,image77.png
image21.png,image23.png
image108.png,image5.png
image103.png,image113.png
image34.png,image41.png
image51.png,image53.png
image81.png,image84.png
image105.png,image2.png
image23.png,image98.png
image24.png,image66.png
image123.png,image135.png
image115.png,image28.png
image53.png,image95.png
image34.png,image74.png
image126.png,image14.png
image107.png,image61.png
image137.png,image15.png
image92.png,image93.png
image85.png,image9.png
image136.png,image18.png
image47.png,image92.png
image102.png,image125.png
image16.png,image99.png
image82.png,image84.png
image107.png,image94.png
image144.png,image95.png
image2.png,image71.png
image136.png,image50.png
image37.png,image83.png
image3.png,image8.png
image129.png,image47.png
image14.png,image23.png
image59.png,image7.png
image108.png,image61.png
image100.png,image58.png
image30.png,image80.png
image145.png,image95.png
image138.png,image91.png
image81.png,image96.png
image10.png,image94.png
image123.png,image147.png
image103.png,image67.png
image64.png,image83.png
image102.png,image104.png
image20.png,image47.png
image33.png,image9.png
image139.png,image34.png
image126.png,image93.png
image100.png,image37.png
image74.png,image96.png
image134.png,image98.png
image103.png,image104.png
image106.png,image114.png
image110.png,image83.png
image115.png,image19.png
image53.png,image86.png
image120.png,image91.png
image28.png,image3.png
image20.png,image26.png
image11.png,image12.png
image139.png,image149.png
image26.png,image98.png
image100.png,image16.png
image10.png,image110.png
image116.png,image97.png
image121.png,image34.png
image127.png,image73.png
image15.png,image22.png
image88.png,image9.png
image105.png,image125.png
image23.png,image68.png
image60.png,image69.png
image110.png,image62.png
image27.png,image40.png
image113.png,image67.png
image114.png,image35.png
image10.png,image85.png
image141.png,image55.png
image142.png,image23.png
image106.png,image126.png
image103.png,image58.png
image140.png,image92.png
image16.png,image69.png
image136.png,image20.png
image123.png,image8.png
image116.png,image76.png
image77.png,image92.png
image134.png,image56.png
image126.png,image84.png
image46.png,image99.png
image137.png,image94.png
image57.png,image75.png
image111.png,image14.png
image5.png,image71.png
image67.png,image83.png
image40.png,image59.png
image110.png,image41.png
image127.png,image85.png
image128.png,image53.png
image120.png,image5.png
image138.png,image61.png
image149.png,image38.png
image124.png,image22.png
image43.png,image69.png
image60.png,image80.png
image13.png,image95.png
image70.png,image89.png
image103.png,image37.png
image16.png,image48.png
image112.png,image82.png
image66.png,image95.png
image121.png,image128.png
image139.png,image14.png
image23.png,image26.png
image109.png,image84.png
image128.png,image32.png
image132.png,image137.png
image131.png,image140.png
image149.png,image17.png
image67.png,image95.png
image112.png,image12.png
image43.png,image48.png
image122.png,image128.png
image110.png,image53.png
image115.png,image124.png
image102.png,image81.png
image120.png,image61.png
image22.png,image62.png
image15.png,image90.png
image114.png,image26.png
image124.png,image34.png
image125.png,image138.png
image43.png,image80.png
image143.png,image88.png
image45.png,image89.png
image144.png,image56.png
image137.png,image52.png
image115.png,image99.png
image117.png,image35.png
image94.png,image95.png
image145.png,image23.png
image74.png,image78.png
image1.png,image88.png
image6.png,image70.png
image146.png,image97.png
image107.png,image137.png
image119.png,image76.png
image42.png,image91.png
image8.png,image92.png
image43.png,image6.png
image60.png,image71.png
image13.png,image86.png
image147.png,image98.png
image53.png,image68.png
image14.png,image94.png
image22.png,image74.png
image114.png,image38.png
image16.png,image39.png
image150.png,image70.png
image107.png,image34.png
image116.png,image46.png
image134.png,image26.png
image46.png,image69.png
image108.png,image137.png
image56.png,image77.png
image1.png,image67.png
image109.png,image75.png
image146.png,image76.png
image110.png,image147.png
image29.png,image56.png
image76.png,image99.png
image113.png,image16.png
image57.png,image78.png
image130.png,image28.png
image42.png,image70.png
image114.png,image17.png
image32.png,image61.png
image107.png,image149.png
image143.png,image46.png
image25.png,image58.png
image7.png,image96.png
image111.png,image84.png
image19.png,image22.png
image17.png,image91.png
image35.png,image71.png
image100.png,image112.png
image19.png,image55.png
image105.png,image81.png
image66.png,image98.png
image134.png,image38.png
image20.png,image97.png
image101.png,image113.png
image4.png,image45.png
image136.png,image8.png
image10.png,image149.png
image18.png,image91.png
image42.png,image5.png
image147.png,image56.png
image139.png,image84.png
image14.png,image52.png
image108.png,image90.png
image113.png,image28.png
image9.png,image91.png
image14.png,image85.png
image150.png,image61.png
image111.png,image96.png
image137.png,image22.png
image80.png,image84.png
image141.png,image93.png
image116.png,image37.png
image52.png,image95.png
image126.png,image45.png
image45.png,image91.png
image20.png,image76.png
image12.png,image145.png
image125.png,image82.png
image142.png,image94.png
image135.png,image90.png
image18.png,image70.png
image109.png,image66.png
image110.png,image138.png
image29.png,image47.png
image102.png,image30.png
image69.png,image86.png
image30.png,image89.png
image140.png,image32.png
image21.png,image76.png
image15.png,image72.png
image51.png,image73.png
image101.png,image67.png
image107.png,image14.png
image119.png,image79.png
image105.png,image4.png
image24.png,image86.png
image116.png,image16.png
image35.png,image62.png
image126.png,image24.png
image38.png,image67.png
image100.png,image103.png
image55.png,image79.png
image137.png,image34.png
image106.png,image40.png
image1.png,image37.png
image116.png,image49.png
image125.png,image94.png
image31.png,image64.png
image10.png,image14.png
image13.png,image35.png
image14.png,image43.png
image103.png,image112.png
image59.png,image9.png
image22.png,image23.png
image107.png,image119.png
image61.png,image94.png
image23.png,image97.png
image104.png,image113.png
image52.png,image53.png
image106.png,image2.png
image116.png,image28.png
image134.png,image143.png
image28.png,image70.png
image127.png,image14.png
image82.png,image83.png
image107.png,image93.png
image39.png,image47.png
image96.png,image98.png
image18.png,image61.png
image14.png,image22.png
image21.png,image34.png
image108.png,image60.png
image61.png,image73.png
image48.png,image91.png
image23.png,image76.png
image40.png,image88.png
image41.png,image56.png
image145.png,image94.png
image51.png,image64.png
image101.png,image58.png
image44.png,image60.png
image138.png,image90.png
image62.png,image74.png
image25.png,image4.png
image149.png,image67.png
image105.png,image30.png
image24.png,image77.png
image123.png,image146.png
image115.png,image39.png
image35.png,image53.png
image109.png,image139.png
image27.png,image81.png
image44.png,image93.png
image45.png,image61.png
image55.png,image7.png
image109.png,image36.png
image11.png,image14.png
image139.png,image33.png
image20.png,image79.png
image134.png,image97.png
image139.png,image66.png
image21.png,image46.png
image15.png,image42.png
image101.png,image37.png
image61.png,image85.png
image17.png,image52.png
image120.png,image90.png
image126.png,image13.png
image124.png,image63.png
image123.png,image22.png
image116.png,image19.png
image109.png,image150.png
image126.png,image27.png
image124.png,image96.png
image26.png,image97.png
image18.png,image52.png
image139.png,image45.png
image108.png,image51.png
image15.png,image21.png
image101.png,image16.png
image128.png,image73.png
image132.png,image42.png
image89.png,image9.png
image106.png,image125.png
image123.png,image137.png
image114.png,image67.png
image85.png,image91.png
image104.png,image58.png
image146.png,image28.png
image102.png,image127.png
image12.png,image139.png
image68.png,image79.png
image100.png,image27.png
image48.png,image61.png
image23.png,image46.png
image40.png,image58.png
image138.png,image60.png
image112.png,image14.png
image24.png,image47.png
image60.png,image8.png
image128.png,image85.png
image70.png,image88.png
image81.png,image98.png
image107.png,image42.png
image104.png,image37.png
image102.png,image106.png
image37.png,image64.png
image129.png,image28.png
image126.png,image95.png
image132.png,image136.png
image108.png,image42.png
image74.png,image98.png
image3.png,image93.png
image67.png,image94.png
image122.png,image127.png
image110.png,image52.png
image115.png,image123.png
image133.png,image137.png
image27.png,image30.png
image113.png,image57.png
image130.png,image69.png
image1.png,image112.png
image115.png,image20.png
image116.png,image124.png
image38.png,image4.png
image124.png,image66.png
image142.png,image46.png
image136.png,image146.png
image115.png,image98.png
image121.png,image139.png
image139.png,image150.png
image16.png,image91.png
image144.png,image88.png
image19.png,image96.png
image111.png,image13.png
image13.png,image143.png
image116.png,image99.png
image30.png,image40.png
image67.png,image73.png
image138.png,image51.png
image130.png,image48.png
image111.png,image27.png
image5.png,image94.png
image149.png,image28.png
image42.png,image90.png
image24.png,image38.png
image122.png,image139.png
image147.png,image97.png
image53.png,image67.png
image34.png,image46.png
image131.png,image49.png
image43.png,image91.png
image135.png,image21.png
image36.png,image54.png
image16.png,image70.png
image108.png,image136.png
image136.png,image22.png
image37.png,image55.png
image109.png,image74.png
image12.png,image50.png
image137.png,image96.png
image31.png,image93.png
image148.png,image72.png
image5.png,image73.png
image67.png,image85.png
image105.png,image106.png
image23.png,image49.png
